{
  "project_info": {
    "project_number": "1070283235933",
    "project_id": "my-budget-f8a7d",
    "storage_bucket": "my-budget-f8a7d.appspot.com"
  },
  "client": [
    {
      "client_info": {
        "mobilesdk_app_id": "1:1070283235933:android:c48f529504ab3056fba3b4",
        "android_client_info": {
          "package_name": "com.example.mybudget"
        }
      },
      "oauth_client": [
        {
          "client_id": "1070283235933-ajo6f8vd74nei4lbt7ltlnms26fk6r92.apps.googleusercontent.com",
          "client_type": 1,
          "android_info": {
            "package_name": "com.example.mybudget",
            "certificate_hash": "ef34e831d8dff21a25d83d9cb72c0d93dce0c465"
          }
        },
        {
          "client_id": "1070283235933-k22dimkbtg75l2a1sb954g80tvbugjr8.apps.googleusercontent.com",
          "client_type": 3
        }
      ],
      "api_key": [
        {
          "current_key": "AIzaSyD9JC1c_jJW1a3N7E-zWXNo0ECxBcfILb4"
        }
      ],
      "services": {
        "appinvite_service": {
          "other_platform_oauth_client": [
            {
              "client_id": "1070283235933-k22dimkbtg75l2a1sb954g80tvbugjr8.apps.googleusercontent.com",
              "client_type": 3
            }
          ]
        }
      }
    }
  ],
  "configuration_version": "1"
}